<?xml version="1.0" encoding="utf-8" ?>
<application xmlns="http://ns.adobe.com/air/application/32.0" minimumPatchLevel="0">
    <name>Let's Shoot!</name>
    <description>A little game to kill some time.</description>
    <id>LetsShoot</id>
    <versionNumber>1.0.0</versionNumber>
    <filename>Let's Shoot!</filename>
    <copyright>Diego E. Marquez</copyright>
    <icon>
        <image16x16>icons/letsshoot16x16.png</image16x16>
        <image32x32>icons/letsshoot32x32.png</image32x32>
        <image48x48>icons/letsshoot48x48.png</image48x48>
    </icon>
    <initialWindow>
		<content>app.swf</content>
		<renderMode>gpu</renderMode>
		<title>Let's Shoot!</title>
		<visible>true</visible>
		<resizable>false</resizable>
		<maximizable>false</maximizable>
		<systemChrome>standard</systemChrome>
    </initialWindow>
</application>