<?xml version="1.0" encoding="utf-8" ?>
<application xmlns="http://ns.adobe.com/air/application/32.0" minimumPatchLevel="0">
    <name>Meteoros</name>
    <description>A game where you shoot meteors and flying saucers.</description>
    <id>Meteoros</id>
    <versionNumber>1.0.0</versionNumber>
    <filename>Meteoros</filename>
    <copyright>Diego E. Marquez</copyright>
    <icon>
        <image16x16>icons/meteoros16x16.png</image16x16>
        <image32x32>icons/meteoros32x32.png</image32x32>
        <image48x48>icons/meteoros48x48.png</image48x48>
    </icon>
    <initialWindow>
		<content>app.swf</content>
		<renderMode>gpu</renderMode>
		<title>Meteoros</title>
		<visible>true</visible>
		<resizable>false</resizable>
		<maximizable>false</maximizable>
		<systemChrome>standard</systemChrome>
    </initialWindow>
</application>